City,Country,Date,Latitude,Longitude,Max Temperature,Humidity,Cloudiness,Wind Speed
Bredasdorp,ZA,1603033142,-34.53,20.04,69.8,52,59,13.87
Kiryat Gat,IL,1603033145,31.61,34.76,82.4,58,0,10.29
Albany,US,1603032871,42.6,-73.97,50.0,75,75,9.33
Punta Arenas,CL,1603033151,-53.15,-70.92,44.6,75,40,26.4
Ekhabi,RU,1603033155,53.51,142.97,35.28,93,96,23.58
Rikitea,PF,1603033158,-23.12,-134.97,74.57,79,58,22.03
Kavaratti,IN,1603033161,10.57,72.64,81.61,77,1,10.25
Butaritari,KI,1603033164,3.07,172.79,81.3,75,76,18.41
Dubbo,AU,1603033167,-32.25,148.62,50.0,81,0,3.36
Hermanus,ZA,1603033170,-34.42,19.23,68.0,61,41,5.01
Saint-Philippe,RE,1603033173,-21.36,55.77,77.0,73,40,14.99
Korla,CN,1603033076,41.76,86.15,54.0,67,0,3.0
Iranshahr,IR,1603033179,27.2,60.68,84.2,5,0,6.93
Ejea de los Caballeros,ES,1603033182,42.13,-1.14,66.2,37,100,3.36
Ushuaia,AR,1603033185,-54.8,-68.3,44.6,75,75,28.86
Mēga,ET,1603033189,4.05,38.3,68.13,61,34,9.62
Cabo San Lucas,MX,1603032911,22.89,-109.91,81.0,73,5,5.82
Barrow,US,1603033195,71.29,-156.79,19.4,79,1,12.75
Homer,US,1603032941,59.64,-151.55,42.01,86,90,6.38
Kathu,TH,1603033201,7.92,98.33,82.99,94,20,9.66
Mataura,NZ,1603033204,-46.19,168.86,48.99,84,100,1.99
Lebu,CL,1603033208,-37.62,-73.65,54.73,64,0,5.82
Ilulissat,GL,1603033211,69.22,-51.1,35.96,81,100,9.62
Cape Town,ZA,1603033139,-33.93,18.42,69.01,49,20,13.87
Dunmore Town,BS,1603033218,25.5,-76.65,82.24,77,100,16.42
Balad,IQ,1603033221,34.02,44.15,77.59,18,0,5.88
Saskylakh,RU,1603033224,71.92,114.08,18.25,97,95,4.21
Puerto Ayora,EC,1603033228,-0.74,-90.35,69.01,95,100,8.01
Airai,TL,1603033231,-8.93,125.41,61.83,94,48,1.52
Neyshabur,IR,1603033235,36.21,58.8,59.16,24,0,4.99
Tuktoyaktuk,CA,1603033238,69.45,-133.04,12.2,92,5,3.36
Lábrea,BR,1603033179,-7.26,-64.8,84.7,62,98,1.9
Vanimo,PG,1603033245,-2.67,141.3,78.75,84,100,4.0
Atuona,PF,1603033248,-9.8,-139.03,77.45,78,29,19.91
Castro,BR,1603033230,-24.79,-50.01,70.09,67,99,6.33
Iqaluit,CA,1603033254,63.75,-68.51,33.8,86,90,14.99
Severo-Yeniseyskiy,RU,1603033258,60.37,93.04,24.96,95,99,15.68
Tiksi,RU,1603033261,71.69,128.87,19.17,95,100,17.98
El Salvador,SV,1603033220,13.83,-88.92,84.2,94,92,5.82
Chokurdakh,RU,1603033267,70.63,147.92,19.81,98,94,7.9
Port Elizabeth,ZA,1603033270,-33.92,25.57,66.2,68,44,19.46
Bandarbeyla,SO,1603033273,9.49,50.81,80.98,77,0,9.64
Mahébourg,MU,1603033207,-20.41,57.7,77.0,65,40,9.17
Verkhnyaya Inta,RU,1603033279,65.98,60.31,29.48,97,100,14.05
East London,ZA,1603033282,-33.02,27.91,66.2,72,36,18.34
‘Ewa Beach,US,1603033285,21.32,-158.01,77.0,88,1,6.35
Havøysund,NO,1603033289,71.0,24.66,32.0,75,75,3.36
Port Alfred,ZA,1603033252,-33.59,26.89,66.58,69,79,18.19
Busselton,AU,1603033295,-33.65,115.33,64.99,48,0,12.82
Vaini,TO,1603033298,-21.2,-175.2,68.0,94,40,9.17
Kencong,ID,1603033301,-8.28,113.37,76.73,91,62,1.74
Auki,SB,1603033305,-8.77,160.7,78.6,81,88,3.94
Verāval,IN,1603033308,20.9,70.37,82.89,83,6,6.42
Berlevåg,NO,1603033311,70.86,29.09,37.35,78,30,6.13
Felipe Carrillo Puerto,MX,1603033314,19.58,-88.05,82.4,80,37,3.49
Schwieberdingen,DE,1603033317,48.88,9.07,48.99,70,75,1.12
Batticaloa,LK,1603033320,7.71,81.69,80.58,81,100,7.0
Morgantown,US,1603033024,39.63,-79.96,51.8,50,1,6.91
Chui,UY,1603033326,-33.7,-53.46,75.09,56,0,6.67
Nová Včelnice,CZ,1603033329,49.24,15.07,46.99,69,75,1.99
Moroto,UG,1603033332,2.53,34.67,75.24,58,72,7.27
Honningsvåg,NO,1603033336,70.98,25.97,41.14,70,97,13.51
Alofi,NU,1603033339,-19.06,-169.92,77.0,94,78,8.05
Władysławowo,PL,1603033342,54.79,18.4,48.0,65,65,16.11
Leningradskiy,RU,1603033345,69.38,178.42,21.63,87,0,6.98
Egvekinot,RU,1603033348,66.32,-179.17,24.64,89,100,7.36
Namatanai,PG,1603033207,-3.67,152.43,80.08,79,100,6.42
Shimokizukuri,JP,1603033354,40.81,140.39,54.0,93,94,5.99
Jamestown,US,1603033357,42.1,-79.24,51.01,52,1,10.29
Puerto Carreño,CO,1603033206,6.19,-67.49,86.14,70,43,0.31
Hithadhoo,MV,1603033363,-0.6,73.08,83.82,77,100,17.09
Port-Cartier,CA,1603033367,50.03,-66.87,45.0,70,20,11.41
Alyangula,AU,1603033370,-13.85,136.42,73.4,94,100,10.42
Pandan,PH,1603033373,14.05,124.17,81.52,85,81,11.5
Ponta do Sol,PT,1603033376,32.67,-17.1,71.6,88,75,24.16
Lac du Bonnet,CA,1603033379,50.25,-96.06,28.99,98,85,5.99
Avarua,CK,1603033382,-21.21,-159.78,71.6,83,75,5.82
Yellowknife,CA,1603033210,62.46,-114.35,24.8,85,90,6.93
Quatre Cocos,MU,1603033388,-20.21,57.76,77.0,65,40,9.17
Nhulunbuy,AU,1603033392,-12.23,136.77,75.2,83,40,3.36
Northam,GB,1603033395,51.03,-4.22,57.99,76,83,1.99
Kerkini,GR,1603033398,41.22,23.08,68.0,35,87,7.0
Lola,GN,1603033401,7.8,-8.53,85.1,59,98,4.9
Porto-Novo,BJ,1603033404,6.5,2.6,86.0,74,40,12.75
Bayeux,BR,1603033407,-7.12,-34.93,87.8,52,75,14.99
Bluff,NZ,1603033327,-46.6,168.33,48.99,84,100,1.99
Nome,US,1603033413,64.5,-165.41,39.2,86,40,11.41
Carnarvon,AU,1603033296,-24.87,113.63,69.8,83,90,18.34
Enshi,CN,1603033420,30.3,109.48,55.71,82,77,0.47
Uray,RU,1603033423,60.12,64.78,31.91,93,67,8.39
Dingle,PH,1603033426,11.0,122.67,76.73,90,100,5.57
Nikolskoye,RU,1603033429,59.7,30.79,36.0,93,90,6.71
Hayden,US,1603033432,47.77,-116.79,41.0,93,90,4.7
Humberto de Campos,BR,1603033435,-2.6,-43.46,93.54,40,87,10.22
Talnakh,RU,1603033438,69.49,88.4,19.4,92,75,15.66
Arraial do Cabo,BR,1603033441,-22.97,-42.03,77.0,61,40,12.75
Karratha,AU,1603033444,-20.74,116.85,69.78,80,0,13.73
Belyy Yar,RU,1603033447,53.6,91.39,48.2,57,40,13.42
Amazar,RU,1603033450,53.86,120.88,25.65,88,23,2.89
Kapaa,US,1603033453,22.08,-159.32,73.4,94,90,3.36
Narsaq,GL,1603033457,60.92,-46.05,39.2,85,38,3.36
Soyo,AO,1603033460,-6.13,12.37,82.4,78,40,11.41
Kutum,SD,1603033463,14.2,24.67,89.35,12,0,13.67
Melo,UY,1603033466,-32.37,-54.18,78.24,57,0,6.04
Lakatoro,VU,1603033469,-16.1,167.42,75.56,81,35,9.73
Te Anau,NZ,1603033472,-45.42,167.72,44.73,89,100,0.76
San Quintín,MX,1603033475,30.48,-115.95,73.51,63,43,8.03
Griffith,US,1603033310,41.53,-87.42,54.0,54,90,6.93
Ribeira Grande,PT,1603033438,38.52,-28.7,66.2,48,20,14.99
Mandalgovi,MN,1603033485,45.76,106.27,39.97,55,6,8.41
Kaitangata,NZ,1603033488,-46.28,169.85,48.99,90,100,2.77
Songjianghe,CN,1603033491,42.19,127.48,33.19,88,0,4.16
Khatanga,RU,1603033373,71.97,102.5,7.77,86,1,8.08
Benalla,AU,1603033497,-36.55,145.98,46.4,87,31,6.93
Port Moresby,PG,1603033500,-9.44,147.18,78.8,94,40,8.05
Noumea,NC,1603033504,-22.28,166.46,64.4,68,0,8.05
Ørje,NO,1603033507,59.48,11.66,48.99,62,0,7.07
Cidreira,BR,1603033510,-30.18,-50.21,71.19,68,91,15.93
Meulaboh,ID,1603033513,4.14,96.13,78.55,80,100,2.8
Bambous Virieux,MU,1603033516,-20.34,57.76,77.0,65,40,9.17
Esperance,AU,1603033519,-33.87,121.9,55.4,82,91,10.29
Provideniya,RU,1603033522,64.38,-173.3,33.89,91,72,4.56
Cayenne,GF,1603033525,4.93,-52.33,91.4,52,20,6.93
Tigil',RU,1603033529,57.8,158.67,35.69,84,100,9.53
Atar,MR,1603033330,20.52,-13.05,99.09,16,0,7.54
Lüderitz,NA,1603033535,-26.65,15.16,72.59,43,0,25.48
Hofn,IS,1603033538,64.25,-15.21,42.8,87,90,2.24
Sept-Îles,CA,1603033362,50.2,-66.38,45.0,70,20,11.41
Obo,CF,1603033544,5.4,26.49,77.54,84,35,3.13
Upernavik,GL,1603033547,72.79,-56.15,33.75,91,45,5.93
Grand Forks,US,1603033550,47.94,-97.43,30.2,50,90,11.41
Isangel,VU,1603033553,-19.55,169.27,70.7,71,5,5.7
Nuevitas,CU,1603033556,21.55,-77.26,78.8,88,40,11.41
Touros,BR,1603033262,-5.2,-35.46,86.0,58,75,14.99
Aleksandrov Gay,RU,1603033563,50.15,48.57,62.33,50,43,13.6
Saint George,US,1603033351,37.1,-113.58,53.6,22,1,0.76
Pevek,RU,1603033398,69.7,170.31,23.7,94,0,17.22
San Miguel de Tucumán,AR,1603033332,-26.82,-65.22,93.2,41,0,5.82
Kyren,RU,1603033575,51.68,102.14,41.11,65,49,3.67
Hobart,AU,1603033376,-42.88,147.33,51.8,66,75,8.05
New Norfolk,AU,1603033581,-42.78,147.06,50.0,71,90,1.01
Dikson,RU,1603033585,73.51,80.55,23.5,91,34,27.72
Flinders,AU,1603033588,-34.58,150.86,59.0,85,56,1.01
Simao,CN,1603033591,22.79,100.97,61.93,85,100,2.15
Mar del Plata,AR,1603033401,-38.0,-57.56,75.2,73,100,11.41
Alice Springs,AU,1603033597,-23.7,133.88,78.8,41,65,8.05
Karoi,ZW,1603033600,-16.81,29.69,85.32,14,64,7.34
Rawson,AR,1603033603,-43.3,-65.1,66.81,25,0,14.58
George Town,MY,1603033522,5.41,100.34,84.2,83,20,4.99
Manta,EC,1603033609,-0.95,-80.73,77.0,78,90,9.17
San Jerónimo,PE,1603033612,-11.95,-75.28,59.2,46,39,3.49
Mehamn,NO,1603033610,71.04,27.85,37.4,79,93,7.85
Mtwara,TZ,1603033619,-10.27,40.18,86.0,55,20,16.11
Vavuniya,LK,1603033536,8.75,80.5,75.67,94,100,3.11
Bullhead City,US,1603033539,35.15,-114.57,66.2,16,1,2.1
Nieuw Amsterdam,SR,1603033628,5.88,-55.08,93.99,63,28,5.01
Ziro,IN,1603033631,27.63,93.83,82.4,94,40,0.83
Njeru,UG,1603033634,0.42,33.17,70.57,85,99,3.27
Nanortalik,GL,1603033535,60.14,-45.24,39.81,95,79,2.3
Samarai,PG,1603033640,-10.62,150.67,79.14,89,93,8.97
Handan,CN,1603033644,36.6,114.47,60.01,37,64,4.18
Vao,NC,1603033647,-22.67,167.48,70.77,81,53,18.34
Semporna,MY,1603033650,4.48,118.61,77.0,94,20,4.7
Codrington,AU,1603033653,-38.27,141.97,45.68,94,5,7.14
Tanabe,JP,1603033656,33.73,135.37,55.0,93,30,4.45
Nacala,MZ,1603033660,-14.54,40.67,77.45,68,0,10.02
Vieste,IT,1603033663,41.88,16.18,70.0,82,40,6.93
Azle,US,1603033525,32.9,-97.55,75.99,73,40,13.87
Majene,ID,1603033669,-3.54,118.97,79.03,82,77,3.29
Saint-Augustin,CA,1603033672,51.23,-58.65,53.35,54,50,13.56
Asnæs,DK,1603033675,55.81,11.5,50.0,66,33,11.01
Qaanaaq,GL,1603033678,77.48,-69.36,34.5,84,95,7.16
Guerrero Negro,MX,1603033681,27.98,-114.06,72.9,71,2,6.42
Salalah,OM,1603033496,17.02,54.09,86.0,51,0,5.82
Ocós,GT,1603033687,14.51,-92.19,78.8,100,40,2.24
Tegul'det,RU,1603033691,57.31,88.17,32.23,90,97,13.67
Assiut,EG,1603033694,27.18,31.18,91.4,36,0,11.41
Baykit,RU,1603033697,61.67,96.37,28.85,93,87,8.63
Dibulla,CO,1603033700,11.27,-73.31,85.93,71,98,4.7
Khovd,MN,1603033703,48.01,91.64,39.47,60,0,9.01
Tasiilaq,GL,1603033706,65.61,-37.64,33.8,74,40,19.46
Kavieng,PG,1603033666,-2.57,150.8,82.33,75,8,10.49
Waddān,LY,1603033712,29.16,16.14,87.37,29,100,11.39
Thompson,CA,1603033715,55.74,-97.86,21.2,92,75,2.24
Palora,EC,1603033718,-1.7,-77.93,66.2,88,40,4.7
Najrān,SA,1603033721,17.49,44.13,80.6,15,0,9.17
Souillac,MU,1603033725,-20.52,57.52,77.0,65,40,9.17
Roebourne,AU,1603033584,-20.78,117.13,69.21,80,0,13.94
Yar-Sale,RU,1603033625,66.83,70.83,22.08,96,8,8.79
Vila Velha,BR,1603033633,-20.33,-40.29,77.0,78,75,13.87
Beringovskiy,RU,1603033737,63.05,179.32,35.04,83,69,5.88
Nioro,GM,1603033740,13.35,-15.75,97.16,38,22,7.29
Goderich,CA,1603033583,43.75,-81.72,51.01,84,100,26.04
Pangkalanbuun,ID,1603033746,-2.68,111.62,75.54,96,100,3.13
Zhigansk,RU,1603033749,66.77,123.37,12.43,95,92,4.68
Mangla,PK,1603033752,31.89,72.38,80.37,15,0,1.97
Saint Paul Harbor,US,1603033471,57.79,-152.41,39.2,86,90,5.82
Makakilo City,US,1603033759,21.35,-158.09,77.0,88,1,6.96
Hasaki,JP,1603033471,35.73,140.83,57.2,87,75,5.82
Geraldton,AU,1603033765,-28.77,114.6,66.2,88,1,9.17
Avera,US,1603033768,33.19,-82.53,60.8,63,90,8.05
Bogovarovo,RU,1603033771,58.98,47.02,37.38,92,100,11.25
Makkah al Mukarramah,SA,1603033774,21.43,39.83,87.19,26,0,8.55
Muriwai Beach,NZ,1603033777,-36.82,174.45,55.99,95,98,8.81
Richards Bay,ZA,1603033780,-28.78,32.04,81.01,64,0,6.71
Iguape,BR,1603033783,-24.71,-47.56,74.64,68,97,10.22
Lac-Mégantic,CA,1603033786,45.58,-70.88,46.4,65,20,6.11
Taoudenni,ML,1603033790,22.68,-3.98,97.39,13,0,10.71
Coquimbo,CL,1603033516,-29.95,-71.34,55.4,87,90,8.05
Praia,CV,1603033796,14.92,-23.51,87.8,70,10,11.41
Deputatsky,RU,1603033799,69.3,139.9,13.5,96,100,10.2
Shambu,ET,1603033802,9.57,37.1,55.04,100,85,1.19
Pemangkat,ID,1603033701,1.17,108.97,80.55,76,100,4.0
Longyearbyen,SJ,1603033808,78.22,15.64,28.4,74,40,12.75
Hamilton,US,1603033710,39.18,-84.53,50.0,61,90,11.41
Gribanovskiy,RU,1603033815,51.46,41.98,61.0,61,13,12.26
Hastings,GB,1603033818,50.86,0.57,57.99,60,99,1.01
Varaždin,HR,1603033756,46.3,16.34,57.0,61,11,2.01
Udachny,RU,1603033824,66.42,112.4,10.4,92,75,4.47
Bocos,PH,1603033827,16.93,121.06,64.33,95,64,0.94
Pozo Colorado,PY,1603033830,-23.49,-58.8,82.49,61,65,10.4
Bundaberg,AU,1603033833,-24.85,152.35,73.0,73,75,9.17
Fortuna,US,1603033836,40.6,-124.16,48.2,100,1,9.17
Hilo,US,1603033839,19.73,-155.09,71.6,78,1,6.93
Preobrazheniye,RU,1603033843,42.9,133.91,47.59,55,0,6.46
Orocué,CO,1603033846,4.79,-71.34,88.34,60,3,2.95
Okhotsk,RU,1603033849,59.38,143.3,25.81,84,7,13.53
Pangnirtung,CA,1603033852,66.15,-65.71,34.23,87,100,11.97
Presidente Epitácio,BR,1603033855,-21.76,-52.12,91.22,36,36,7.2
Ugoofaaru,MV,1603033858,5.67,73.0,83.1,76,100,13.8
Pisco,PE,1603033636,-13.7,-76.22,63.0,88,90,5.82
Sambava,MG,1603033865,-14.27,50.17,75.56,72,0,12.73
Byron Bay,AU,1603033744,-28.65,153.62,66.2,88,75,16.11
Phalombe,MW,1603033871,-15.81,35.65,83.1,20,1,5.84
Kargasok,RU,1603033874,59.06,80.86,29.5,94,100,21.09
Elverum,NO,1603033877,60.88,11.56,45.0,54,53,5.01
Gilbués,BR,1603033880,-9.83,-45.34,97.92,22,65,8.41
Bethel,US,1603033883,41.37,-73.41,55.99,75,1,3.36
Faanui,PF,1603033594,-16.48,-151.75,78.71,82,12,8.68
Dakar,SN,1603033756,14.69,-17.44,89.6,70,0,4.7
Qaqortoq,GL,1603033745,60.72,-46.03,39.2,96,44,3.36
Bani Walid,LY,1603033896,31.76,13.99,72.28,47,100,16.53
Barranca,PE,1603033899,-10.75,-77.77,65.73,72,96,7.65
Asti,IT,1603033841,44.9,8.21,61.0,70,3,3.83
São João da Barra,BR,1603033905,-21.64,-41.05,77.0,65,75,9.17
Rosario,AR,1603033835,-32.95,-60.64,93.99,52,0,18.34
Nuuk,GL,1603033614,64.18,-51.72,42.8,87,75,2.24
Uspenka,UA,1603033914,48.39,39.16,60.46,49,42,8.5
Severo-Kuril'sk,RU,1603033917,50.68,156.12,45.43,82,40,10.02
Marsá Maţrūḩ,EG,1603033920,31.35,27.25,86.0,45,29,5.82
Olafsvik,IS,1603033739,64.89,-23.71,38.71,76,79,27.96
Yaan,NG,1603033927,7.38,8.57,83.08,71,75,4.54
Kumul,CN,1603033930,42.8,93.45,49.77,39,100,3.29
Polazna,RU,1603033933,58.29,56.41,33.8,100,75,13.42
Husavik,IS,1603033936,66.04,-17.34,42.8,81,75,12.75
Portland,US,1603033788,45.52,-122.68,57.2,62,90,5.44
Charlestown,AU,1603033752,-32.95,151.67,64.0,96,100,3.0
Russell,US,1603033945,32.35,-85.2,64.0,63,1,4.7
Thinadhoo,MV,1603033659,0.53,72.93,84.0,76,74,16.93
Tanah Merah,MY,1603033951,5.8,102.15,78.8,94,20,3.36
Behshahr,IR,1603033954,36.69,53.55,69.8,56,0,4.7
Opuwo,NA,1603033957,-18.06,13.84,98.37,9,0,11.95
Nishihara,JP,1603033960,26.18,127.76,78.8,88,20,6.93
Usinsk,RU,1603033964,65.99,57.53,26.78,97,26,8.7
Koygorodok,RU,1603033967,60.45,51.0,32.27,98,100,12.26
Port Hardy,CA,1603033970,50.7,-127.42,46.4,93,90,8.05
Klaksvík,FO,1603033973,62.23,-6.59,39.2,93,100,9.17
Shirokiy,RU,1603033976,49.76,129.52,31.05,88,58,6.46
Itarema,BR,1603033979,-2.92,-39.92,89.06,44,89,17.2
Curvelo,BR,1603033697,-18.76,-44.43,82.45,45,44,7.14
Katsuura,JP,1603033985,35.13,140.3,59.0,82,40,9.17
Camacha,PT,1603033988,33.08,-16.33,71.6,88,75,24.16
Tūkrah,LY,1603033991,32.53,20.58,73.27,79,100,15.3
Laguna,US,1603033995,38.42,-121.42,57.99,66,1,1.32
Matagami,CA,1603033998,49.75,-77.63,44.6,93,90,17.22
Iskateley,RU,1603034001,67.68,53.15,29.16,95,0,4.92
Östersund,SE,1603034004,63.18,14.64,32.0,90,0,17.22
Marawi,PH,1603034007,8.0,124.29,77.0,94,97,3.0
Kapit,MY,1603034010,2.02,112.93,74.66,93,68,0.58
Los Llanos de Aridane,ES,1603034013,28.66,-17.92,77.0,73,40,23.04
Comodoro Rivadavia,AR,1603034016,-45.87,-67.5,62.6,27,0,35.57
Ancud,CL,1603034019,-41.87,-73.82,57.99,71,40,20.8
Hoquiam,US,1603034022,46.98,-123.89,60.01,77,90,23.04
Daru,PG,1603034025,-9.08,143.21,78.73,86,99,13.29
Hokitika,NZ,1603033763,-42.72,170.97,52.07,94,100,10.47
Raudeberg,NO,1603034032,61.99,5.14,42.8,70,40,6.93
Mount Gambier,AU,1603034035,-37.83,140.77,46.4,93,40,5.82
Ostrovnoy,RU,1603034038,68.05,39.51,34.23,86,67,13.8
Marabu,MY,1603034041,4.41,114.01,80.6,88,20,3.36
Lolodorf,CM,1603034044,3.23,10.73,78.1,87,99,3.0
Douentza,ML,1603034047,15.0,-2.95,102.83,12,3,10.29
Katrineholm,SE,1603034050,59.0,16.21,46.4,45,89,17.22
Khuzdar,PK,1603034053,27.74,66.64,68.0,17,0,6.85
Antofagasta,CL,1603034056,-23.65,-70.4,68.0,93,90,5.82
Mookane,BW,1603034059,-23.69,26.66,96.85,12,0,3.6
Sayansk,RU,1603034062,54.11,102.16,42.08,76,99,4.74
Ulaangom,MN,1603034066,49.98,92.07,35.22,84,100,0.74
Churapcha,RU,1603034069,62.0,132.43,11.16,96,92,6.29
Pacific Grove,US,1603033979,36.62,-121.92,55.4,66,1,1.72
Lompoc,US,1603034075,34.64,-120.46,53.6,87,1,4.52
College,US,1603034078,64.86,-147.8,21.0,66,75,1.57
Cherskiy,RU,1603034081,68.75,161.3,20.25,92,74,8.68
Kruisfontein,ZA,1603034084,-34.0,24.73,66.99,56,43,8.01
Brae,GB,1603034087,60.4,-1.35,44.6,65,20,3.36
Seoul,KR,1603033819,37.57,126.98,51.8,87,1,2.26
Broome,US,1603034093,42.25,-75.83,53.01,52,1,5.82
Amalāpuram,IN,1603034096,16.58,82.02,80.6,88,75,5.82
Chililabombwe,ZM,1603034100,-12.36,27.82,84.88,27,12,4.97
Grootfontein,NA,1603034103,-19.57,18.12,94.53,9,0,13.35
Upington,ZA,1603034106,-28.45,21.26,93.2,5,16,8.05
Carbonia,IT,1603034109,39.17,8.52,69.8,56,40,9.17
Nampula,MZ,1603034112,-15.12,39.27,89.01,27,4,6.93
Lorengau,PG,1603034115,-2.02,147.27,82.11,80,3,8.57
Kahului,US,1603034118,20.89,-156.47,77.0,78,40,4.7
Verkh-Usugli,RU,1603034122,52.7,115.17,30.94,98,85,3.0
Aklavik,CA,1603034125,68.22,-135.01,8.6,84,20,3.36
Bjørkelangen,NO,1603034128,59.88,11.57,48.99,17,0,6.87
Port Lincoln,AU,1603034131,-34.73,135.87,52.56,77,0,10.13
Millbrook,US,1603034134,32.48,-86.36,66.0,72,1,8.05
Ponta Delgada,PT,1603034137,37.73,-25.67,62.6,63,40,11.41
Tucumã,BR,1603034140,-0.18,-50.05,92.19,45,38,7.58
Malakal,SS,1603034144,9.53,31.66,78.31,82,47,6.76
Shimoda,JP,1603034147,34.67,138.95,55.0,68,37,8.25
Aitape,PG,1603034150,-3.14,142.35,77.95,85,97,2.66
Nyurba,RU,1603034153,63.28,118.33,14.79,94,0,2.53
Vanavara,RU,1603034156,60.34,102.28,39.45,94,100,9.19
Beipiao,CN,1603034159,41.79,120.78,48.51,48,0,4.79
Bagacay,PH,1603034162,12.98,124.14,83.46,77,100,11.12
Poum,NC,1603034165,-20.23,164.02,73.31,71,0,17.16
Lagoa,PT,1603034168,39.05,-27.98,62.17,61,56,15.17
Bay Roberts,CA,1603034171,47.6,-53.26,62.01,63,20,5.82
São Filipe,CV,1603034175,14.9,-24.5,81.52,76,51,4.23
Prado,BR,1603034178,-17.34,-39.22,78.15,69,15,12.01
Mogocha,RU,1603034181,53.73,119.77,25.38,90,80,2.33
Iroquois Falls,CA,1603034184,48.77,-80.68,42.8,81,90,10.29
New Richmond,US,1603034187,45.12,-92.54,32.0,76,1,14.99
Rybnaya Sloboda,RU,1603034190,55.46,50.14,41.0,80,75,15.66
Broken Hill,AU,1603034193,-31.95,141.43,53.6,62,0,1.12
Boden,SE,1603034196,65.83,21.69,30.2,92,90,17.22
Sorong,ID,1603034199,-0.88,131.25,77.49,88,100,8.28
Aksu,CN,1603034203,41.12,80.26,53.83,39,0,1.9
Angoche,MZ,1603034206,-16.23,39.91,76.66,70,2,11.18
Xinqing,CN,1603034209,48.23,129.5,27.1,87,4,4.14
Antalaha,MG,1603034212,-14.9,50.28,75.16,73,0,11.74
Manaus,BR,1603034215,-3.1,-60.02,89.6,70,20,4.7
Dunedin,NZ,1603034209,-45.87,170.5,48.99,89,100,1.99
Shreveport,US,1603034150,32.53,-93.75,71.6,88,90,10.29
Tamiahua,MX,1603034224,21.27,-97.45,77.59,79,0,3.18
Saldanha,ZA,1603034098,-33.01,17.94,69.8,46,33,17.22
Yuncheng,CN,1603034149,35.02,110.99,58.19,43,68,2.33
Panzhihua,CN,1603034234,26.59,101.71,67.33,67,100,0.76
Muzhi,RU,1603034237,65.37,64.67,26.35,93,0,12.15
Kalmunai,LK,1603034240,7.42,81.82,81.28,79,100,6.64
Mareeba,AU,1603034243,-17.0,145.43,70.0,88,90,3.11
Ust'-Omchug,RU,1603034246,61.15,149.63,19.78,94,87,1.39
Road Town,VG,1603034250,18.42,-64.62,86.0,70,40,4.7
Naze,JP,1603034253,28.37,129.48,75.2,94,90,24.16
Gunjur,GM,1603034256,13.2,-16.73,93.2,67,20,5.82
Birao,CF,1603034259,10.28,22.79,91.51,36,0,1.66
Hong Kong,HK,1603033966,22.29,114.16,75.0,85,61,1.01
Padang,ID,1603034176,-0.95,100.35,79.59,75,52,3.15
Ninove,BE,1603034268,50.83,4.0,53.01,86,99,4.54
Tocopilla,CL,1603034271,-22.09,-70.2,67.41,47,20,6.76
Tahe,CN,1603034274,52.33,124.73,28.09,89,100,2.3
Shedok,RU,1603034277,44.22,40.85,63.91,44,82,0.22
Dhanwār,IN,1603034280,24.42,85.98,78.28,60,0,1.36
Moose Factory,CA,1603034284,51.26,-80.61,39.2,93,90,19.46
Khandyga,RU,1603034287,62.67,135.6,17.04,97,99,3.13
Bealanana,MG,1603034290,-14.55,48.73,68.72,60,0,7.63
San Miguel de Cozumel,MX,1603034112,20.51,-86.95,84.2,79,40,12.91
Lengshuijiang,CN,1603034296,27.69,111.43,54.66,85,62,2.44
Chivay,PE,1603034299,-15.64,-71.6,55.31,32,0,2.17
Novy Urengoy,RU,1603034163,66.08,76.63,23.52,95,83,17.0
Cedral,MX,1603034305,23.8,-100.73,64.72,60,4,1.36
Kudahuvadhoo,MV,1603034308,2.67,72.89,83.23,78,52,15.61
North Bend,US,1603034311,43.41,-124.22,51.01,100,90,3.36
Savannakhet,LA,1603034314,16.57,104.75,67.5,96,100,9.33
Bowen,AU,1603034318,-20.02,148.23,62.6,82,0,2.24
Zhezkazgan,KZ,1603034321,47.8,67.71,52.9,50,0,13.15
Muros,ES,1603034324,42.78,-9.06,71.01,64,98,5.01
Clyde River,CA,1603034327,70.47,-68.59,26.6,79,1,2.24
Sidi Ali,DZ,1603034330,36.1,0.42,72.03,33,0,13.27
Constitución,CL,1603034333,-35.33,-72.42,59.99,58,0,14.45
Sukumo,JP,1603034336,32.93,132.73,58.73,80,7,3.56
Krasnosel'kup,RU,1603034339,65.7,82.47,18.59,96,97,21.56
Norrtälje,SE,1603034342,59.76,18.7,42.01,65,94,8.99
Ossora,RU,1603034345,59.24,163.07,36.05,81,100,9.71
Seymchan,RU,1603034348,62.88,152.43,23.34,84,100,2.82
Lithakia,GR,1603034241,37.72,20.83,71.6,53,20,8.05
Addanki,IN,1603034355,15.82,79.98,79.59,86,97,3.47
Tandil,AR,1603034358,-37.32,-59.13,81.82,61,64,6.55
Tautira,PF,1603034361,-17.73,-149.15,73.4,88,20,3.36
Portsmouth,GB,1603034306,50.8,-1.09,55.0,73,75,3.56
Trencin,SK,1603034367,48.83,18.25,52.0,90,87,2.39
Usakos,NA,1603034370,-22.0,15.6,98.56,11,0,19.24
Port Augusta,AU,1603034373,-32.5,137.77,55.4,71,0,9.17
Casper,US,1603034376,42.87,-106.31,27.0,92,90,9.17
Middletown,US,1603034159,39.52,-84.4,50.0,76,90,11.41
Point Fortin,TT,1603034382,10.18,-61.68,90.0,63,42,4.0
Yulara,AU,1603034385,-25.24,130.99,68.0,94,90,18.34
Atherton,GB,1603034389,53.52,-2.49,54.0,70,39,3.0
Katangli,RU,1603034392,51.71,143.23,32.36,86,0,24.02
Itaueira,BR,1603034395,-7.6,-43.03,97.59,22,60,8.5
Zaraza,VE,1603034398,9.35,-65.32,84.88,76,74,4.36
Atyrau,KZ,1603034401,47.12,51.88,59.0,33,0,11.18
Vallenar,CL,1603034404,-28.57,-70.76,79.25,29,0,7.78
Huarmey,PE,1603034407,-10.07,-78.15,67.24,70,86,7.92
Mayskiy,RU,1603034410,47.69,40.1,66.2,63,41,8.95
Torbay,CA,1603034236,47.67,-52.73,57.2,82,75,14.99
Kangaatsiaq,GL,1603034416,68.31,-53.46,38.39,77,100,21.83
Katherine,AU,1603034419,-14.47,132.27,86.0,48,40,10.29
Mahon,ES,1603034422,39.89,4.27,68.0,52,20,6.93
Indramayu,ID,1603034426,-6.33,108.32,82.69,74,96,12.48
Ust'-Ilimsk,RU,1603034429,58.0,102.66,42.33,84,100,9.28
Shelburne,CA,1603034432,44.08,-80.2,51.01,71,90,11.41
Bereda,ES,1603034435,43.27,-7.54,73.0,47,66,4.0
Forio,IT,1603034438,40.73,13.86,66.0,76,0,1.01
Jiazi,CN,1603034441,22.88,116.07,73.99,78,58,20.38
Merauke,ID,1603034444,-8.47,140.33,79.09,80,100,11.3
Rincon,US,1603034447,32.3,-81.24,71.6,64,20,11.41
Kabare,CD,1603034450,-2.47,28.82,69.12,80,77,1.79
Ndioum,SN,1603034453,16.51,-14.65,105.8,23,0,2.24
Kohima,IN,1603034429,25.67,94.12,62.28,99,7,2.28
Amambai,BR,1603034459,-23.1,-55.23,83.25,48,95,9.24
Luena,AO,1603034462,-11.78,19.92,89.6,33,40,8.05
Anadyr,RU,1603034466,64.75,177.48,19.4,85,18,4.47
Port Blair,IN,1603034469,11.67,92.75,81.21,82,100,13.98
Acapulco de Juárez,MX,1603034472,16.86,-99.89,84.2,79,40,2.04
Port Hedland,AU,1603034475,-20.32,118.57,73.4,73,0,13.87
Colares,PT,1603034478,38.8,-9.45,69.8,46,0,6.93
Troitsko-Pechorsk,RU,1603034481,62.71,56.2,29.86,96,100,5.5
Lakinsk,RU,1603034485,56.02,39.95,43.93,86,100,16.82
Bilma,NE,1603034488,18.69,12.92,101.28,8,0,7.56
Wum,CM,1603034491,6.38,10.07,73.76,88,77,3.47
Lively,CA,1603034494,46.43,-81.15,50.0,93,90,17.22
Lleida,ES,1603034497,41.62,0.62,69.01,42,45,3.36
Brønnøysund,NO,1603034500,65.46,12.2,41.0,59,40,11.41
Bengkulu,ID,1603034381,-3.8,102.27,76.8,86,84,3.56
Muravlenko,RU,1603034506,63.79,74.52,26.08,96,96,21.65
Half Moon Bay,US,1603034313,37.46,-122.43,63.0,63,5,6.08
Maningrida,AU,1603034512,-12.07,134.27,78.84,78,42,4.14
Yuli,NG,1603034515,9.7,10.27,93.61,38,52,6.87
Villa del Rosario,CO,1603034519,7.83,-72.47,93.2,36,20,21.92
Khasan,RU,1603034522,42.43,130.64,48.42,53,0,9.46
Racine,US,1603034525,42.75,-88.08,39.99,93,1,4.7
Stilfontein,ZA,1603034528,-26.84,26.77,91.98,12,90,9.24
Kaeo,NZ,1603034531,-35.1,173.78,52.0,93,30,4.97
Grindavik,IS,1603034534,63.84,-22.43,44.6,87,75,13.87
Salinópolis,BR,1603034538,-0.61,-47.36,85.53,64,72,11.54
Metro,ID,1603034541,-5.11,105.31,77.47,86,23,5.53
Horasan,TR,1603034544,40.05,42.17,59.32,31,0,3.44
Obzor,BG,1603034547,42.82,27.88,62.6,51,49,10.29
Houston,US,1603034542,29.76,-95.36,81.0,74,20,12.75
Gönen,TR,1603034553,40.1,27.65,66.99,72,75,21.92
Saint-Honoré,CA,1603034556,48.53,-71.08,42.8,81,90,14.99
Nizhniy Tsasuchey,RU,1603034559,50.52,115.13,37.62,78,1,7.36
Banjarmasin,ID,1603034562,-3.32,114.59,77.0,100,20,2.24
Lovozero,RU,1603034566,68.0,35.01,28.44,94,100,10.92
Awjilah,LY,1603034569,29.11,21.29,96.55,13,0,5.39
Lubango,AO,1603034572,-14.92,13.49,87.8,26,75,13.87
Haines Junction,CA,1603034575,60.75,-137.51,17.89,82,66,1.03
Tupik,RU,1603034578,54.43,119.93,19.72,95,52,1.05
Ağdam,AZ,1603034581,39.99,46.93,66.94,54,0,1.97
Ramsar,IR,1603034584,36.92,50.64,66.2,82,0,2.24
Alenquer,BR,1603034587,-1.94,-54.74,89.6,59,20,9.17
Tezu,IN,1603034590,27.92,96.17,75.52,72,2,4.07
Thurso,GB,1603034593,58.59,-3.53,46.4,70,100,4.7
Necochea,AR,1603034596,-38.55,-58.74,75.29,70,51,9.51
Monywa,MM,1603034600,22.12,95.13,81.5,77,100,2.44
Mahajanga,MG,1603034603,-15.72,46.32,82.4,65,40,11.41
Santa,PH,1603034606,17.49,120.43,77.81,81,22,4.34
Laredo,US,1603034609,27.51,-99.51,77.0,78,90,9.17
Angostura,MX,1603034612,25.37,-108.18,84.0,82,0,1.99
Mackay,AU,1603034615,-21.15,149.2,63.0,88,40,5.82
Tuatapere,NZ,1603034618,-46.13,167.68,48.0,86,100,1.66
Alegrete,BR,1603034573,-29.78,-55.79,82.71,51,0,5.23
Porto Velho,BR,1603034392,-8.76,-63.9,87.8,62,92,2.24
Itārsi,IN,1603034628,22.62,77.75,81.77,68,82,4.94
Topaowan,CN,1603034631,30.67,112.69,55.0,81,25,5.08
Norman Wells,CA,1603034634,65.28,-126.83,6.8,92,20,5.82
Sitka,US,1603034637,57.05,-135.33,42.8,71,90,8.05
Guarujá,BR,1603034640,-23.99,-46.26,75.99,53,54,5.82
Sisimiut,GL,1603034643,66.94,-53.67,42.3,64,100,18.79
Bontang,ID,1603034646,0.13,117.5,80.89,83,100,8.34
Havre-St-Pierre,CA,1603034649,50.23,-63.6,44.6,75,1,17.22
Piney Green,US,1603034653,34.72,-77.32,70.0,63,1,6.93
Mbarara,UG,1603034656,-0.61,30.65,69.33,85,88,4.34
Bosaso,SO,1603034659,11.28,49.18,86.0,74,0,11.41
Chabahar,IR,1603034662,25.29,60.64,77.0,44,20,9.17
Nemuro,JP,1603034665,43.32,145.57,56.07,82,0,16.04
Ubari,LY,1603034668,26.59,12.78,96.82,10,99,10.6
Tabas,IR,1603034671,33.6,56.92,71.6,8,0,4.7
Fort Nelson,CA,1603034674,58.81,-122.7,5.0,92,5,2.24
Southbridge,US,1603034397,42.08,-72.03,55.99,51,46,5.01
Mikhaylovka,RU,1603034681,50.06,43.24,66.0,67,56,1.01
Dorog,HU,1603034684,47.72,18.74,52.0,72,57,1.99
Mattru,SL,1603034687,7.62,-11.83,85.53,74,85,3.8
Bilibino,RU,1603034690,68.05,166.44,14.88,93,99,2.48
Saint-Paul,RE,1603034693,-21.01,55.27,73.4,73,64,10.29
Šalčininkai,LT,1603034696,54.3,25.38,39.99,93,75,10.29
Ukiah,US,1603034700,39.15,-123.21,63.0,66,1,1.83
Ulundi,ZA,1603034703,-28.34,31.42,86.81,43,1,8.84
Whittlesea,ZA,1603034706,-32.18,26.82,69.06,47,61,13.38
La Asuncion,VE,1603034709,11.03,-63.86,87.8,62,1,11.41
Hua Hin,TH,1603034712,12.57,99.96,73.42,92,100,7.63
Port-Gentil,GA,1603034715,-0.72,8.78,80.6,88,40,11.41
Kaura Namoda,NG,1603034718,12.59,6.58,98.15,19,0,8.19
Willowmore,ZA,1603034721,-33.29,23.49,72.84,31,91,6.29
Bongandanga,CD,1603034724,1.5,21.05,84.49,65,100,2.51
Margate,GB,1603034728,51.38,1.39,55.0,70,78,1.01
Hegang,CN,1603034731,47.4,130.37,31.24,85,0,4.43
Marzuq,YE,1603034734,14.4,46.47,77.54,17,0,11.12
Camopi,GF,1603034737,3.17,-52.32,94.14,40,86,4.59
La Rioja,ES,1603034740,42.25,-2.5,68.0,40,100,8.05
Srednekolymsk,RU,1603034743,67.45,153.68,23.05,98,89,4.83
Helena,US,1603034540,46.59,-112.04,24.01,79,90,4.7
Solnechnyy,RU,1603034749,50.72,136.63,28.74,76,100,11.54
Härnösand,SE,1603034752,62.63,17.94,37.99,47,100,18.34
St. George's,GD,1603034635,12.06,-61.75,87.8,70,20,16.11
Włocławek,PL,1603034758,52.65,19.07,48.0,85,100,1.99
Glenwood Springs,US,1603034761,39.55,-107.32,51.01,43,1,8.05
Kathmandu,NP,1603034494,27.72,85.32,69.8,83,20,4.7
Kingaroy,AU,1603034768,-26.53,151.83,59.0,82,75,4.7
Bathsheba,BB,1603034771,13.22,-59.52,87.8,70,40,11.41
Ixtapa,MX,1603034706,20.7,-105.2,86.0,70,75,1.36
Bozüyük,TR,1603034777,39.91,30.04,64.4,93,75,4.7
Mossamedes,AO,1603034780,-15.2,12.15,77.0,65,40,12.75
Arlit,NE,1603034783,18.74,7.39,101.35,8,20,4.65
Yelovo,RU,1603034786,57.05,54.92,38.28,77,100,16.53
Nosy Varika,MG,1603034789,-20.58,48.53,72.55,88,35,8.41
Nouadhibou,MR,1603034792,20.93,-17.03,91.4,36,35,10.29
Fairbanks,US,1603034679,64.84,-147.72,19.99,72,75,4.7
Ormara,PK,1603034798,25.21,64.64,85.39,41,37,10.36
Yangi Marg`ilon,UZ,1603034802,40.43,71.72,57.2,44,0,4.7
Aasiaat,GL,1603034805,68.71,-52.87,35.24,85,100,22.48
Gogrial,SS,1603034808,8.53,28.1,85.73,62,2,1.88
Mabaruma,GY,1603034811,8.2,-59.78,91.27,50,100,3.83
Philadelphia,US,1603034791,39.95,-75.16,62.01,58,20,4.7
Bafia,CM,1603034817,4.75,11.23,83.97,74,99,1.01
Xichang,CN,1603034820,27.9,102.26,58.37,68,100,2.89
Taltal,CL,1603034823,-25.4,-70.48,63.19,61,29,5.77
Hambantota,LK,1603034826,6.12,81.12,82.4,74,54,9.17
Rāzole,IN,1603034829,16.48,81.83,78.93,82,45,3.87
Sangar,RU,1603034833,63.92,127.47,15.24,96,99,8.1
Turukhansk,RU,1603034836,65.82,87.98,26.6,98,100,3.04
Timrå,SE,1603034839,62.49,17.33,37.99,47,99,18.34
San Patricio,US,1603034842,28.02,-97.52,82.99,69,20,16.11
Dongsheng,CN,1603034845,39.82,109.98,42.03,54,0,3.49
Bambamarca,PE,1603034587,-6.68,-78.53,66.2,45,75,3.36
Vestmannaeyjar,IS,1603034851,63.44,-20.27,42.8,93,75,6.93
Xai-Xai,MZ,1603034854,-25.05,33.64,82.42,56,0,11.56
Trairi,BR,1603034857,-3.28,-39.27,88.84,43,84,15.48
Lafia,NG,1603034860,8.48,8.52,87.21,64,91,4.88
Departamento de Maldonado,UY,1603034863,-34.67,-54.92,84.2,54,20,10.29
Haimen,CN,1603034866,23.19,116.61,75.2,69,75,8.95
Dzaoudzi,YT,1603034870,-12.79,45.27,80.6,69,0,9.17
Kaseda-shirakame,JP,1603034873,31.42,130.32,59.0,87,1,1.99
Edmonds,US,1603034876,47.81,-122.38,55.0,93,90,5.82
Sioux Lookout,CA,1603034879,50.1,-91.92,30.2,68,90,9.17
Yārāda,IN,1603034882,17.65,83.27,86.0,79,75,6.93
Chittūr,IN,1603034629,10.7,76.75,78.8,78,40,6.93
Harlingen,US,1603034888,26.19,-97.7,82.0,78,1,6.93
Poros,GR,1603034891,37.5,23.45,75.0,53,63,3.44
Gornopravdinsk,RU,1603034894,60.05,69.9,28.29,94,0,8.37
Lodja,CD,1603034897,-3.48,23.43,87.4,53,80,3.38
Sos'va,RU,1603034901,59.18,61.86,31.73,96,100,7.61
Praia,CV,1603034904,14.92,-23.51,86.0,70,10,10.29
Whitehorse,CA,1603034907,60.72,-135.05,10.4,85,40,9.17
Dhārchula,IN,1603034910,29.85,80.53,61.59,47,4,4.12
Karpogory,RU,1603034913,64.0,44.45,32.25,96,100,7.27
Killybegs,IE,1603034916,54.63,-8.45,55.4,87,75,4.7
Vila Franca do Campo,PT,1603034919,37.72,-25.43,64.4,59,40,11.41
Mongu,ZM,1603034922,-15.25,23.13,96.33,9,0,10.4
